 <?xml version="1.0" encoding="utf-8"?>
<Window caption="0,0,0,36" roundcorner="5,5" size="482,300">
    <Font id="0" shared="true" name="宋体" size="13" bold="false"/>
    <Font id="1" shared="true" name="微软雅黑" size="12"/>
    <Font id="2" shared="true" name="微软雅黑" size="14"/>
    <Default shared="true" name="VScrollBar" value="button1normalimage=&quot;file='scroll.png' source='0,0,16,16'&quot; button1hotimage=&quot;file='scroll.png' source='0,0,16,16' mask='#FFFF00FF'&quot; button1pushedimage=&quot;file='scroll.png' source='0,16,16,32' mask='#FFFF00FF'&quot; button1disabledimage=&quot;file='scroll.png' source='0,0,16,16' mask='#FFFF00FF'&quot; button2normalimage=&quot;file='scroll.png' source='0,32,16,48' mask='#FFFF00FF'&quot; button2hotimage=&quot;file='scroll.png' source='0,32,16,48' mask='#FFFF00FF'&quot; button2pushedimage=&quot;file='scroll.png' source='0,48,16,64' mask='#FFFF00FF'&quot; button2disabledimage=&quot;file='scroll.png' source='0,32,16,48' mask='#FFFF00FF'&quot; thumbnormalimage=&quot;file='scroll.png' source='0,64,16,80' corner='2,2,2,2' mask='#FFFF00FF'&quot; thumbhotimage=&quot;file='scroll.png' source='0,64,16,80' corner='2,2,2,2' mask='#FFFF00FF'&quot; thumbpushedimage=&quot;fres='101' source='0,64,16,80' corner='2,2,2,2' mask='#FFFF00FF'&quot; thumbdisabledimage=&quot;file='scroll.png' source='0,64,16,80' corner='2,2,2,2' mask='#FFFF00FF'&quot; railnormalimage=&quot;file='scroll.png' source='0,80,16,96' corner='2,2,2,2' mask='#FFFF00FF'&quot; railhotimage=&quot;file='scroll.png' source='0,80,16,96' corner='2,2,2,2' mask='#FFFF00FF'&quot; railpushedimage=&quot;file='scroll.png' source='0,96,16,112' corner='2,2,2,2' mask='#FFFF00FF'&quot; raildisabledimage=&quot;file='scroll.png' source='0,80,16,96' corner='2,2,2,2' mask='#FFFF00FF'&quot; bknormalimage=&quot;file='scroll.png' source='0,128,16,146' corner='2,2,2,2' mask='#FFFF00FF'&quot; bkhotimage=&quot;file='scroll.png' source='0,128,16,146' corner='2,2,2,2' mask='#FFFF00FF'&quot; bkpushedimage=&quot;file='scroll.png' source='0,128,16,146' corner='2,2,2,2' mask='#FFFF00FF'&quot; bkdisabledimage=&quot;file='scroll.png' source='0,128,16,146' corner='2,2,2,2' mask='#FFFF00FF'&quot; " />
    <VerticalLayout bkcolor="#FFFCFCFC" bordersize="2" bordercolor="#FF202225">
        <HorizontalLayout name="titlelayout" height="36" bkcolor="#FF202225">
            <HorizontalLayout>
                <Control width="10"/>
                <Label name="apptitle" text="关于 ntepad" font="1" textcolor="#FFFFFFFF" />
            </HorizontalLayout>
            <HorizontalLayout padding="0,5,0,0" height="25" width="96">
                <Button name="closebtn" padding="45,0,0,0" tooltip="关闭" height="18" width="43" normalimage="file='close.png'" hotimage="file='close_h.png'" pushedimage="file='close_p.png'"/>
            </HorizontalLayout>
        </HorizontalLayout>

        <VerticalLayout padding="2,0,0,0" bkimage="file='miku.jpg'" width="480" height="161" />
        <VerticalLayout padding="10,13,0,0">
            <Edit name="about" font="2" textcolor="#FF6B6B6B" normalimage="" focusedimage="" hotimage="" nativebkcolor="#FFFCFCFC" bkcolor="#FFFCFCFC" width="190" readonly="true" height="30" bordersize="0" text="notepad 1.1" />
            <VerticalLayout height="5"/>
            <Edit name="about" font="2" textcolor="#FF6B6B6B" normalimage="" focusedimage="" hotimage="" nativebkcolor="#FFFCFCFC" bkcolor="#FFFCFCFC" width="320" readonly="true" height="30" bordersize="0" text="关于作者: https://space.bilibili.com/273436120" />
        </VerticalLayout>
        
    </VerticalLayout>
</Window>


