<?xml version="1.0" encoding="utf-8"?>
<Window>
 <Font id="0" name="宋体" size="13" bold="false"/>
 <Font id="1" name="微软雅黑" size="12"/> 
<VerticalLayout name="editlayout" bkimage="file='menu_bk.png'" padding="2" width="163" height="286">
	<List name="list_editmenu" header="hidden" hole="false" bordersize="1" bordercolor="#FFAEAFB2" inset="1,1,1,1" itemhotimage="file='menu_hot_bk.png'">
		
      <ListContainerElement font="1" name="menu_Undo" height="26" inset="32,0,0,0">
			<Label font="1" text="撤销(U)" mouse="false"/>
			<Label font="1" text="Ctrl+Z  " align="right" mouse="false"/>
		</ListContainerElement>
    
		<ListContainerElement name="menu_Cut" height="26" inset="32,0,0,0">
			<Label font="1" text="剪切(T)" mouse="false"/>
			<Label font="1" text="Ctrl+X  " align="right" mouse="false"/>
		</ListContainerElement>
    
		<ListContainerElement name="menu_Copy" height="26" inset="32,0,0,0">
			<Label font="1" text="复制(C)" mouse="false"/>
			<Label font="1" text="Ctrl+C  " align="right" mouse="false"/>
		</ListContainerElement>

    <ListContainerElement name="menu_Paste" height="26" inset="32,0,0,0">
      <Label font="1" text="粘贴(P)" mouse="false"/>
      <Label font="1" text="Ctrl+V  " align="right" mouse="false"/>
    </ListContainerElement>

    <ListContainerElement name="menu_Delete" height="26" inset="32,0,0,0">
      <Label font="1" text="删除(L)" mouse="false"/>
      <Label font="1" text="Del  " align="right" mouse="false"/>
    </ListContainerElement>

    <ListContainerElement name="menu_Find" height="26" inset="32,0,0,0">
      <Label font="1" text="查找(F)..." mouse="false"/>
      <Label font="1" text="Ctrl+F  " align="right" mouse="false"/>
    </ListContainerElement>

    <ListContainerElement name="menu_FindNext" height="26" inset="32,0,0,0">
      <Label font="1" text="查找下一个(N)" mouse="false"/>
      <Label font="1" text="F3  " align="right" mouse="false"/>
    </ListContainerElement>

    <ListContainerElement name="menu_Replace" height="26" inset="32,0,0,0">
      <Label font="1" text="替换(R)..." mouse="false"/>
      <Label font="1" text="Ctrl+H  " align="right" mouse="false"/>
    </ListContainerElement>

    <ListContainerElement name="menu_Go" height="26" inset="32,0,0,0">
      <Label font="1" text="转到(G)..." mouse="false"/>
      <Label font="1" text="Ctrl+G  " align="right" mouse="false"/>
    </ListContainerElement>

    <ListContainerElement name="menu_SelectAll" height="26" inset="32,0,0,0">
      <Label font="1" text="全选(A)..." mouse="false"/>
      <Label font="1" text="Ctrl+A  " align="right" mouse="false"/>
    </ListContainerElement>

    <ListContainerElement name="menu_Date" height="26" inset="32,0,0,0">
      <Label font="1" text="时间/日期(D)..." mouse="false"/>
      <Label font="1" text="F5  " align="right" mouse="false"/>
    </ListContainerElement>

	</List>
</VerticalLayout>
</Window>