<?xml version="1.0" encoding="utf-8"?>
<Window caption="0,0,0,36" size="500,400" sizebox="6,6,6,6" maxinfo="500,400" mininfo="500,400">
    <Font id="0" shared="true" name="宋体" size="13" bold="false"/>
    <Font id="1" shared="true" name="微软雅黑" size="12"/> 
    <Default shared="true" name="VScrollBar" value="button1normalimage=&quot;file='scroll.png' source='0,0,16,16'&quot; button1hotimage=&quot;file='scroll.png' source='0,0,16,16' mask='#FFFF00FF'&quot; button1pushedimage=&quot;file='scroll.png' source='0,16,16,32' mask='#FFFF00FF'&quot; button1disabledimage=&quot;file='scroll.png' source='0,0,16,16' mask='#FFFF00FF'&quot; button2normalimage=&quot;file='scroll.png' source='0,32,16,48' mask='#FFFF00FF'&quot; button2hotimage=&quot;file='scroll.png' source='0,32,16,48' mask='#FFFF00FF'&quot; button2pushedimage=&quot;file='scroll.png' source='0,48,16,64' mask='#FFFF00FF'&quot; button2disabledimage=&quot;file='scroll.png' source='0,32,16,48' mask='#FFFF00FF'&quot; thumbnormalimage=&quot;file='scroll.png' source='0,64,16,80' corner='2,2,2,2' mask='#FFFF00FF'&quot; thumbhotimage=&quot;file='scroll.png' source='0,64,16,80' corner='2,2,2,2' mask='#FFFF00FF'&quot; thumbpushedimage=&quot;fres='101' source='0,64,16,80' corner='2,2,2,2' mask='#FFFF00FF'&quot; thumbdisabledimage=&quot;file='scroll.png' source='0,64,16,80' corner='2,2,2,2' mask='#FFFF00FF'&quot; railnormalimage=&quot;file='scroll.png' source='0,80,16,96' corner='2,2,2,2' mask='#FFFF00FF'&quot; railhotimage=&quot;file='scroll.png' source='0,80,16,96' corner='2,2,2,2' mask='#FFFF00FF'&quot; railpushedimage=&quot;file='scroll.png' source='0,96,16,112' corner='2,2,2,2' mask='#FFFF00FF'&quot; raildisabledimage=&quot;file='scroll.png' source='0,80,16,96' corner='2,2,2,2' mask='#FFFF00FF'&quot; bknormalimage=&quot;file='scroll.png' source='0,128,16,146' corner='2,2,2,2' mask='#FFFF00FF'&quot; bkhotimage=&quot;file='scroll.png' source='0,128,16,146' corner='2,2,2,2' mask='#FFFF00FF'&quot; bkpushedimage=&quot;file='scroll.png' source='0,128,16,146' corner='2,2,2,2' mask='#FFFF00FF'&quot; bkdisabledimage=&quot;file='scroll.png' source='0,128,16,146' corner='2,2,2,2' mask='#FFFF00FF'&quot; " />
    <Default shared="true" name="CheckBox" value="disabledtextcolor=&quot;#FFbac0c5&quot; textpadding=&quot;20,-5,0,0&quot; align=&quot;left&quot; selectedimage=&quot;file='checked.png' dest='0,2,16,18'&quot; normalimage=&quot;file='unchecked.png' dest='0,2,16,18'&quot;" />
    <VerticalLayout bkcolor="#FFEFEFEF" bordersize="2" bordercolor="#FF202225">
        <HorizontalLayout name="titlelayout" height="36" bkcolor="#FF202225">
            <HorizontalLayout>
                <Control width="10"/>
                <Label name="apptitle" text="Font" font="1" textcolor="#FFFFFFFF" />
            </HorizontalLayout>
                <HorizontalLayout padding="0,5,0,0" height="25" width="96">
                    <Button name="closebtn" padding="45,0,0,0" tooltip="关闭" height="18" width="43" normalimage="file='close.png'" hotimage="file='close_h.png'" pushedimage="file='close_p.png'"/>
                </HorizontalLayout>
        </HorizontalLayout>
        
        <HorizontalLayout bkcolor="#FFEFEFEF" height="200" padding="2,0,2,0">
            <VerticalLayout padding="15,0,0,0" width="150" >
                <Label font="1" text="字体(F):" mouse="false"/>
                <Edit name="f_edit" font="1" bordersize="1" bkcolor="#FFFFFFFF" focusbordercolor="#FFADADAD" bordercolor="#FFD8D8D8" width="150" height="24" />
                <List name="f_list" vscrollbar="true" font="1" header="hidden" bkcolor="#FFFFFFFF" bordersize="1" bordercolor="#FFD8D8D8" width="150" height="140" padding="0,3,0,0" />
            </VerticalLayout>
            <VerticalLayout padding="15,0,0,0" width="120" >
                <Label font="1" text="字形(Y):" mouse="false"/>
                <Edit name="fstyle_edit" font="1" bordersize="1" bkcolor="#FFFFFFFF" focusbordercolor="#FFADADAD" bordercolor="#FFD8D8D8" width="120" height="24" />
                <List name="fstyle_list" vscrollbar="true" font="1" header="hidden" bkcolor="#FFFFFFFF" bordersize="1" bordercolor="#FFD8D8D8" width="120" height="140" padding="0,3,0,0" />
            </VerticalLayout>
            <VerticalLayout padding="15,0,0,0" width="70" >
                <Label font="1" text="大小(S):" mouse="false"/>
                <Edit name="fsize_edit" font="1" bordersize="1" bkcolor="#FFFFFFFF" focusbordercolor="#FFADADAD" bordercolor="#FFD8D8D8" width="70" height="24" />
                <List name="fsize_list" font="1" vscrollbar="true" header="hidden" bkcolor="#FFFFFFFF" bordersize="1" bordercolor="#FFD8D8D8" width="70" height="140" padding="0,3,0,0" />
            </VerticalLayout>
        </HorizontalLayout>

        <HorizontalLayout  height ="115">
            <VerticalLayout width="150" height="100" padding="17,0,0,0">
                <Label font="1" text="示例:" mouse="false"/>
                <VerticalLayout bkcolor="#FFFFFFFF" name="font_view">
                    <FontView name="ff"/>
                </VerticalLayout>
            </VerticalLayout>
            <VerticalLayout padding="25,0,0,0" width="195">
                <Label font="1" text="字符集:" mouse="false"/>
                <ComboBox name="font_charset" itemhotbkcolor="#FFF4F4F4" itemselectedbkcolor="#FFD8D8D8" normalimage="file='combo_nor.png' corner='1,1,29,24'" hotimage="file='combo_hot.png' corner='1,1,29,24'" itemfont="1" vscrollbar="true" width="195" height="26">
                    <ListLabelElement text="  0 - ANSI编码"/>
                    <ListLabelElement text="  1 - 默认编码"/>
                    <ListLabelElement text="  2 - 符号"/>
                    <ListLabelElement text="  77 - Mac编码"/>
                    <ListLabelElement text="  128 - 日文Shift_JIS"/>
                    <ListLabelElement text="  129 - 韩文Hangeul"/>
                    <ListLabelElement text="  130 - 韩文Johab"/>
                    <ListLabelElement text="  134 - 简体中文GB2312"/>
                    <ListLabelElement text="  136 - 繁体中文BIG5"/>
                    <ListLabelElement text="  161 - 希腊文"/>
                    <ListLabelElement text="  162 - 土耳其文"/>
                    <ListLabelElement text="  163 - 越南文"/>
                    <ListLabelElement text="  177 - 希伯来文"/>
                    <ListLabelElement text="  178 - 阿拉伯数字"/>
                    <ListLabelElement text="  186 - 波罗的海文"/>
                    <ListLabelElement text="  204 - 俄文"/>
                    <ListLabelElement text="  222 - 泰文"/>
                    <ListLabelElement text="  238 - 东欧语系"/>
                    <ListLabelElement text="  255 - OEM编码"/>
                </ComboBox>
                <VerticalLayout height="7" />
                    <CheckBox name="ckbox_strikeout" selected="false" text="删除线" enabled="false" font="1" width="100" />
                    <CheckBox name="ckbox_underline" selected="false" text="下划线" font="1" width="100" />
            </VerticalLayout>
        </HorizontalLayout>
        
        <HorizontalLayout>
            <VerticalLayout />
            <Button name="btn_ok" text="确定" padding="0,0,0,0" bkcolor="#FF00FFFF" width="65" height="32" font="1" normalimage="file='btn_nor.png'" hotimage="file='btn_hot.png'" pushedimage="file='btn_push.png'" />
            <Button name="btn_cancel" text="取消" padding="15,0,0,0" bkcolor="#FF00FFFF" width="65" height="32" font="1" normalimage="file='btn_nor.png'" hotimage="file='btn_hot.png'" pushedimage="file='btn_push.png'" />
            <VerticalLayout width="35" />
        </HorizontalLayout>
        
        <VerticalLayout name="body" padding="2,0,2,2">
            <HorizontalLayout padding="10,10,10,10">
            </HorizontalLayout>
        </VerticalLayout>

    </VerticalLayout>
</Window>


