<?xml version="1.0" encoding="utf-8"?>
<Window caption="0,0,0,36" roundcorner="5,5" size="351,167" >
    <Font id="0" shared="true" name="宋体" size="13" bold="false"/>
    <Font id="1" shared="true" name="微软雅黑" size="12"/>
    <Default shared="true" name="CheckBox" value="disabledtextcolor=&quot;#FFbac0c5&quot; textpadding=&quot;20,-5,0,0&quot; align=&quot;left&quot; selectedimage=&quot;file='checked.png' dest='0,2,16,18'&quot; normalimage=&quot;file='unchecked.png' dest='0,2,16,18'&quot;" />
    <Default shared="true" name="Button" value="width=&quot;69&quot; height=&quot;23&quot; font=&quot;1&quot; normalimage=&quot;file='btn_nor.png'&quot; hotimage=&quot;file='btn_hot.png'&quot; pushedimage=&quot;file='btn_push.png'&quot;" />
    <VerticalLayout bkcolor="#FFEFEFEF" bordersize="2" bordercolor="#FF202225">
        <HorizontalLayout name="findtitlelayout" height="36" bkcolor="#FF202225">
            <HorizontalLayout>
                <Control width="10"/>
                <Label name="apptitle" text="跳转" font="1" textcolor="#FFFFFFFF" />
            </HorizontalLayout>
            <HorizontalLayout padding="0,5,0,0" height="25" width="96">
                <Button name="closebtn" padding="45,0,0,0" tooltip="关闭" height="18" width="43" normalimage="file='close.png'" hotimage="file='close_h.png'" pushedimage="file='close_p.png'"/>
            </HorizontalLayout>
        </HorizontalLayout>
        <Label name="skip_linecount" width="131" font="1" height="17" padding="17,18,0,0" textcolor="#FF000000" disabledtextcolor="#FFA7A6AA" />
        <Edit name="skip_linenumedit" width="315" font="1" height="27" padding="17,10,0,0" bordersize="1" bkcolor="#FFFFFFFF" focusbordercolor="#FFADADAD" bordercolor="#FFD8D8D8" />
        <Button name="skip_go" text="定位(G)" float="true" pos="174,131,0,0" />
        <Button name="skip_cancel" text="取消(C)" float="true" pos="263,131,0,0" />
        <CheckBox name="check_goto" selected="true" text="定位后关闭对话框" width="123" font="1" padding="17,26,0,0" />
    </VerticalLayout>
</Window>
