<?xml version="1.0" encoding="utf-8"?>
<Window caption="0,0,0,36" roundcorner="5,5" size="449,215" >
    <Font id="0" shared="true" name="宋体" size="13" bold="false"/>
    <Font id="1" shared="true" name="微软雅黑" size="12"/>
    <Default shared="true" name="CheckBox" value="disabledtextcolor=&quot;#FFbac0c5&quot; textpadding=&quot;20,-5,0,0&quot; align=&quot;left&quot; selectedimage=&quot;file='checked.png' dest='0,2,16,18'&quot; normalimage=&quot;file='unchecked.png' dest='0,2,16,18'&quot;" />
    <Default shared="true" name="Edit" value="font=&quot;1&quot; bordersize=&quot;1&quot; bkcolor=&quot;#FFFFFFFF&quot; focusbordercolor=&quot;#FFADADAD&quot; bordercolor=&quot;#FFD8D8D8&quot; width=&quot;180&quot; height=&quot;27&quot;" />
    <Default shared="true" name="Button" value="width=&quot;100&quot; height=&quot;26&quot; font=&quot;1&quot; normalimage=&quot;file='btn_nor.png'&quot; hotimage=&quot;file='btn_hot.png'&quot; pushedimage=&quot;file='btn_push.png'&quot;" />

    <VerticalLayout bkcolor="#FFEFEFEF" bordersize="2" bordercolor="#FF202225">
        <HorizontalLayout name="findtitlelayout" height="36" bkcolor="#FF202225">
            <HorizontalLayout>
                <Control width="10"/>
                <Label name="apptitle" text="替换" font="1" textcolor="#FFFFFFFF" />
            </HorizontalLayout>
            <HorizontalLayout padding="0,5,0,0" height="25" width="96">
                <Button name="closebtn" padding="45,0,0,0" tooltip="关闭" height="18" width="43" normalimage="file='close.png'" hotimage="file='close_h.png'" pushedimage="file='close_p.png'"/>
            </HorizontalLayout>
        </HorizontalLayout>
        
        <HorizontalLayout width="448" height="36">
        </HorizontalLayout>
        <Label text="查找内容(N):" font="1" float="true" pos="18,59,0,0" width="71" height="19" textcolor="#FF000000" disabledtextcolor="#FFA7A6AA" />
        <Label text="替换为(P):" font="1" float="true" pos="18,98,0,0" width="71" height="19" textcolor="#FF000000" disabledtextcolor="#FFA7A6AA" />
        <Edit name="rfind_edit" float="true" font="1" pos="109,54,0,0" />
        <Edit name="rep_edit" float="true" font="1" pos="109,93,0,0" />
        <Button name="findnext" text="查找下一个(F)" font="1" float="true" pos="330,52,0,0" />
        <Button name="replace" text="替换(R)" font="1" float="true" pos="329,87,0,0" />
        <Button name="replaceall" text="全部替换(A)" font="1" float="true" pos="330,122,0,0" />
        <Button name="rep_cancel" text="取消" font="1" float="true" pos="330,159,0,0" />

        <HorizontalLayout height="24" padding="18,89,0,0" width="100">
            <CheckBox text="区分大小写(C)" name="ckbox_uorlcase" font="1" />
        </HorizontalLayout>
    </VerticalLayout>
</Window>
