<?xml version="1.0" encoding="utf-8"?>
<Window caption="0,0,0,36" size="596,406">
    <Font id="0" shared="true" name="宋体" size="13" bold="false"/>
    <Font id="1" shared="true" name="微软雅黑" size="12"/>
    <Font id="2" shared="true" name="微软雅黑" size="14"/>
    <Default shared="true" name="VScrollBar" value="button1normalimage=&quot;file='scroll.png' source='0,0,16,16'&quot; button1hotimage=&quot;file='scroll.png' source='0,0,16,16' mask='#FFFF00FF'&quot; button1pushedimage=&quot;file='scroll.png' source='0,16,16,32' mask='#FFFF00FF'&quot; button1disabledimage=&quot;file='scroll.png' source='0,0,16,16' mask='#FFFF00FF'&quot; button2normalimage=&quot;file='scroll.png' source='0,32,16,48' mask='#FFFF00FF'&quot; button2hotimage=&quot;file='scroll.png' source='0,32,16,48' mask='#FFFF00FF'&quot; button2pushedimage=&quot;file='scroll.png' source='0,48,16,64' mask='#FFFF00FF'&quot; button2disabledimage=&quot;file='scroll.png' source='0,32,16,48' mask='#FFFF00FF'&quot; thumbnormalimage=&quot;file='scroll.png' source='0,64,16,80' corner='2,2,2,2' mask='#FFFF00FF'&quot; thumbhotimage=&quot;file='scroll.png' source='0,64,16,80' corner='2,2,2,2' mask='#FFFF00FF'&quot; thumbpushedimage=&quot;fres='101' source='0,64,16,80' corner='2,2,2,2' mask='#FFFF00FF'&quot; thumbdisabledimage=&quot;file='scroll.png' source='0,64,16,80' corner='2,2,2,2' mask='#FFFF00FF'&quot; railnormalimage=&quot;file='scroll.png' source='0,80,16,96' corner='2,2,2,2' mask='#FFFF00FF'&quot; railhotimage=&quot;file='scroll.png' source='0,80,16,96' corner='2,2,2,2' mask='#FFFF00FF'&quot; railpushedimage=&quot;file='scroll.png' source='0,96,16,112' corner='2,2,2,2' mask='#FFFF00FF'&quot; raildisabledimage=&quot;file='scroll.png' source='0,80,16,96' corner='2,2,2,2' mask='#FFFF00FF'&quot; bknormalimage=&quot;file='scroll.png' source='0,128,16,146' corner='2,2,2,2' mask='#FFFF00FF'&quot; bkhotimage=&quot;file='scroll.png' source='0,128,16,146' corner='2,2,2,2' mask='#FFFF00FF'&quot; bkpushedimage=&quot;file='scroll.png' source='0,128,16,146' corner='2,2,2,2' mask='#FFFF00FF'&quot; bkdisabledimage=&quot;file='scroll.png' source='0,128,16,146' corner='2,2,2,2' mask='#FFFF00FF'&quot; " />
    <Default shared="true" name="CheckBox" value="font=&quot;1&quot; disabledtextcolor=&quot;#FFbac0c5&quot; textpadding=&quot;20,1,0,0&quot; align=&quot;left&quot; selectedimage=&quot;file='checked.png' dest='0,2,16,18'&quot; normalimage=&quot;file='unchecked.png' dest='0,2,16,18'&quot;" />
    <Default shared="false" name="Button" value="width=&quot;50&quot; height=&quot;30&quot;" />
    <VerticalLayout bkcolor="#FFFCFCFC" bordersize="2" bordercolor="#FF202225">
        <HorizontalLayout name="titlelayout" height="36" bkcolor="#FF202225">
            <HorizontalLayout>
                <Control width="10"/>
                <Label name="apptitle" text="格式设置" font="1" textcolor="#FFFFFFFF" />
            </HorizontalLayout>
            <HorizontalLayout padding="0,5,0,0" height="25" width="96">
                <Button name="closebtn" padding="45,0,0,0" tooltip="关闭" height="18" width="43" normalimage="file='close.png'" hotimage="file='close_h.png'" pushedimage="file='close_p.png'"/>
            </HorizontalLayout>
        </HorizontalLayout>
        <VerticalLayout width="178" height="327" padding="0,0,0,0">
            <Label text="样式:" font="1" width="60" height="30" padding="10,10,0,0" textcolor="#FF000000" disabledtextcolor="#FFA7A6AA" />
            <List name="list_style" width="163" height="254" padding="10,7,0,0" header="hidden" itermfont="1" itemselectedbkcolor="#FFD8D8D8" itemhotbkcolor="#FFF4F4F4" bkcolor="#FFFFFFFF" bordersize="1" bordercolor="#FFD8D8D8">
                <ListContainerElement selected="true" inset="10,0,0,0" height="23">
                    <Label text="Defautl Style" height="23" font="1"/>
                </ListContainerElement>
                <ListContainerElement inset="10,0,0,0" height="23">
                    <Label text="Margin" height="23" font="1"/>
                </ListContainerElement>
                <ListContainerElement inset="10,0,0,0" height="23">
                    <Label text="ControlChar" height="23" font="1"/>
                </ListContainerElement>
                <ListContainerElement inset="10,0,0,0" height="23">
                    <Label text="" height="23" font="1"/>
                </ListContainerElement>
                <ListContainerElement inset="10,0,0,0" height="23">
                    <Label text="" height="23" font="1"/>
                </ListContainerElement>
            </List>
        </VerticalLayout>
        <VerticalLayout float="true" pos="192,79,0,0" width="528" height="379">
            <GroupBox text="色彩样式" padding="0,0,0,0" width="227" height="81" bordersize="1" borderround="1,1" bordercolor="#FF989898" font="1"/>
            <HorizontalLayout width="227" height="101" padding="10,-61,0,0">
                <VerticalLayout>
                    <HorizontalLayout height="30" padding="40,0,0,0">
                        <Text text="前景色" width="150" height="20" font="1" float="false" padding="22,1,0,0" />
                        <Text bordersize="4" bordercolor="#FFA0A0A0" padding="-90,0,0,0" width="52" height="22" />
                        <Button text="" name="btn_fore" padding="-51,1,0,0" bordersize="1" bordercolor="#FFFFFFFF" wdith="50" height="20" bkcolor="#FFFFFFFF" />
                    </HorizontalLayout>
                    <HorizontalLayout height="30" padding="40,0,0,0">
                        <Text text="背景色" width="150" height="20" font="1" float="false" padding="22,1,0,0" />
                        <Text bordersize="4" bordercolor="#FFA0A0A0" padding="-90,0,0,0" width="52" height="22" />
                        <Button text="" name="btn_back" padding="-51,1,0,0" bordersize="1" bordercolor="#FFFFFFFF" wdith="50" height="20" bkcolor="#FFFFFFFF" />
                    </HorizontalLayout>
                </VerticalLayout>
            </HorizontalLayout>
            <GroupBox text="字体样式" padding="0,-20,0,0" width="321" height="135" bordersize="1" borderround="1,1" bordercolor="#FF989898" font="1"/>
            <HorizontalLayout width="351" height="135" padding="10,-122,0,0">
                <HorizontalLayout width="348" height="42">
                    <Label text="字体名称:" font="1" width="60" height="30" padding="47,15,0,0" textcolor="#FF000000" disabledtextcolor="#FFA7A6AA" />
                    <Combo name="combox_font" width="177" height="26" textpadding="0,0,29,0" itemtextpadding="10,0,0,0" padding="11,15,0,0" itemhotbkcolor="#FFF4F4F4" itemselectedbkcolor="#FFD8D8D8" normalimage="file='combo_nor.png' corner='1,1,29,24'" hotimage="file='combo_hot.png' corner='1,1,29,24'" itemfont="1" vscrollbar="true" />
                </HorizontalLayout>
                <CheckBox name="cbox_bold" text="粗体" float="true" pos="20,51,0,0" width="60" height="18" />
                <CheckBox name="cbox_italic" text="斜体" float="true" pos="20,74,0,0" width="60" height="18" />
                <CheckBox name="cbox_underline" text="下划线" float="true" pos="20,95,0,0" width="60" height="18"/>
                <Label text="字体大小:" font="1" float="true" pos="136,61,0,0" width="59" height="24" textcolor="#FF000000" disabledtextcolor="#FFA7A6AA" />
                <Combo name="combox_fontsize" float="true" pos="206,58,0,0" itemtextpadding="10,0,0,0" width="89" height="26" itemhotbkcolor="#FFF4F4F4" itemselectedbkcolor="#FFD8D8D8" normalimage="file='combo_nor.png' corner='1,1,29,24'" hotimage="file='combo_hot.png' corner='1,1,29,24'" itemfont="1" vscrollbar="true">
                    <ListLabelElement text="5" height="23"/>
                    <ListLabelElement text="6" height="23"/>
                    <ListLabelElement text="7" height="23"/>
                    <ListLabelElement text="8" height="23"/>
                    <ListLabelElement text="9" height="23"/>
                    <ListLabelElement text="10" height="23"/>
                    <ListLabelElement text="11" height="23"/>
                    <ListLabelElement text="12" height="23"/>
                    <ListLabelElement text="14" height="23"/>
                    <ListLabelElement text="16" height="23"/>
                    <ListLabelElement text="18" height="23"/>
                    <ListLabelElement text="20" height="23"/>
                    <ListLabelElement text="22" height="23"/>
                    <ListLabelElement text="24" height="23"/>
                    <ListLabelElement text="26" height="23"/>
                    <ListLabelElement text="28" height="23"/>
                </Combo>
            </HorizontalLayout>
            <HorizontalLayout width="523" height="77" padding="0,15,0,0">
                <Button name="btn_save" text="保存并关闭" font="1" width="91" height="26" padding="170,3,0,0" bkcolor="#FF00FFFF" normalimage="file='btn_nor.png'" hotimage="file='btn_hot.png'" pushedimage="file='btn_push.png'" />
                <Button name="btn_close" text="取消" font="1" width="73" height="26" padding="20,3,0,0" bkcolor="#FF00FFFF" normalimage="file='btn_nor.png'" hotimage="file='btn_hot.png'" pushedimage="file='btn_push.png'" />
            </HorizontalLayout>
        </VerticalLayout>
    </VerticalLayout>
</Window>
